section_id,document_id,page_number,title_raw,title_canonical,level_hint,bbox,provenance_kind
a4c8e2d1-b7a5-5e73-82df-2cb9203349d8,fab1d4b4-843a-54a1-b5e9-771b22967cd7,1,TILT,tilt,1,"{'page_number': 1, 'left': 21.824535168533263, 'top': 540.093663538863, 'right': 43.690170647731044, 'bottom': 536.5730031384724, 'coord_origin': 'BOTTOMLEFT'}",layout
65cf2dd6-02f9-5a12-8d56-de91e519351a,fab1d4b4-843a-54a1-b5e9-771b22967cd7,1,· BRAIN,brain,1,"{'page_number': 1, 'left': 2.4178255150210274e-07, 'top': 532.6666666904762, 'right': 67.69911528603033, 'bottom': 515.3333333571428, 'coord_origin': 'BOTTOMLEFT'}",layout
f48ea191-2ea1-5b0a-b4c0-85e41b4f5303,fab1d4b4-843a-54a1-b5e9-771b22967cd7,1,3T 20,3t_20,1,"{'page_number': 1, 'left': 16.514655742452238, 'top': 538.7800464207436, 'right': 46.37266760605328, 'bottom': 529.2199534947182, 'coord_origin': 'BOTTOMLEFT'}",layout
38c8dbc4-29f1-55b4-a89a-9788c4a5b563,fab1d4b4-843a-54a1-b5e9-771b22967cd7,1,4T 20,4t_20,1,"{'page_number': 1, 'left': 16.51848220582583, 'top': 539.4061092565577, 'right': 44.36387106708933, 'bottom': 529.2605575750391, 'coord_origin': 'BOTTOMLEFT'}",layout
94c560b1-5f92-5f62-825a-05eabb705945,fab1d4b4-843a-54a1-b5e9-771b22967cd7,1,% L,l,1,"{'page_number': 1, 'left': 1.0257352849449448e-07, 'top': 524.00000005, 'right': 20.51470598492647, 'bottom': 507.33333338333335, 'coord_origin': 'BOTTOMLEFT'}",layout
633193e7-9896-5970-ad2b-25eb25e831db,fab1d4b4-843a-54a1-b5e9-771b22967cd7,1,"A 18,",a_18,1,"{'page_number': 1, 'left': 18.53521106901409, 'top': 523.3333333142857, 'right': 46.33802797042254, 'bottom': 511.3333333142857, 'coord_origin': 'BOTTOMLEFT'}",layout
a24df89e-b48f-5864-ae01-3de8c7f36220,fab1d4b4-843a-54a1-b5e9-771b22967cd7,1,· SESI,sesi,1,"{'page_number': 1, 'left': 3.8143563505972186e-07, 'top': 530.0000000333333, 'right': 61.02970335173267, 'bottom': 510.0000000333333, 'coord_origin': 'BOTTOMLEFT'}",layout
974f8054-70fb-5d24-95fa-02fcc19ed6cf,fab1d4b4-843a-54a1-b5e9-771b22967cd7,1,° CBIC,cbic,1,"{'page_number': 1, 'left': -1.4444444692192823e-07, 'top': 529.4237287033899, 'right': 67.33333318888889, 'bottom': 509.59322022881355, 'coord_origin': 'BOTTOMLEFT'}",layout
9432a636-67b0-5480-bea3-ae93c2c501b7,fab1d4b4-843a-54a1-b5e9-771b22967cd7,1,Unidades residenciais lançadas,unidades_residenciais_lancadas,1,"{'page_number': 1, 'left': 86.97599136, 'top': 513.02198920032, 'right': 504.28414174959374, 'bottom': 479.72860144114645, 'coord_origin': 'BOTTOMLEFT'}",layout
6010275f-1afa-5028-8f24-40d254d337fa,fab1d4b4-843a-54a1-b5e9-771b22967cd7,1,Comparativo Anual,comparativo_anual,1,"{'page_number': 1, 'left': 622.33998048, 'top': 465.6416097792, 'right': 723.0732236600568, 'bottom': 453.33277188096, 'coord_origin': 'BOTTOMLEFT'}",layout
2ec321eb-4f44-5307-9b8f-7c3b81c2e753,fab1d4b4-843a-54a1-b5e9-771b22967cd7,1,Recorde,recorde,1,"{'page_number': 1, 'left': 712.74996096, 'top': 353.2834520064, 'right': 742.9803470675959, 'bottom': 344.33885164032, 'coord_origin': 'BOTTOMLEFT'}",layout
dacbd657-0058-57a2-a86a-144921e5fe99,fab1d4b4-843a-54a1-b5e9-771b22967cd7,1,Resumo Lançamentos 4T 2025,resumo_lancamentos_4t_2025,1,"{'page_number': 1, 'left': 806.0599804799999, 'top': 443.3799668712, 'right': 920.4169173111984, 'bottom': 415.8578330809315, 'coord_origin': 'BOTTOMLEFT'}",layout
f001c817-7cb4-5590-aa14-8be92c801d66,fab1d4b4-843a-54a1-b5e9-771b22967cd7,1,Acumulado 12M 453.005 unidades,acumulado_12m_453005_unidades,1,"{'page_number': 1, 'left': 806.0599804799999, 'top': 260.9299571112, 'right': 900.1458325674106, 'bottom': 233.40782332093153, 'coord_origin': 'BOTTOMLEFT'}",layout
ebe1a51f-996f-5d61-99fa-8c6c011778af,fab1d4b4-843a-54a1-b5e9-771b22967cd7,2,· BRAIN,brain,1,"{'page_number': 2, 'left': 2.4178255150210274e-07, 'top': 532.6666666904762, 'right': 67.69911528603033, 'bottom': 515.3333333571428, 'coord_origin': 'BOTTOMLEFT'}",layout
d39ecc46-dd95-5141-80ec-05cc1f2a62c7,fab1d4b4-843a-54a1-b5e9-771b22967cd7,2,"V -10,",v_10,1,"{'page_number': 2, 'left': 17.200000033076922, 'top': 524.6666667916667, 'right': 42.33846157153846, 'bottom': 514.6666667916667, 'coord_origin': 'BOTTOMLEFT'}",layout
1664fede-3bb8-5aae-a88b-3724b177ecbd,fab1d4b4-843a-54a1-b5e9-771b22967cd7,2,"A 15,1",a_151,1,"{'page_number': 2, 'left': 17.86153851115385, 'top': 525.3333334222223, 'right': 42.338461588076925, 'bottom': 514.6666667555555, 'coord_origin': 'BOTTOMLEFT'}",layout
2d1f463a-c941-5f9f-8d09-95ad31762919,fab1d4b4-843a-54a1-b5e9-771b22967cd7,2,"A 68,8",a_688,1,"{'page_number': 2, 'left': 17.83779290121465, 'top': 525.3889059321623, 'right': 42.36220702240231, 'bottom': 514.6110942459644, 'coord_origin': 'BOTTOMLEFT'}",layout
270621bc-eeea-592f-a2b2-0ca056f5a01b,fab1d4b4-843a-54a1-b5e9-771b22967cd7,2,"A 30,:",a_30,1,"{'page_number': 2, 'left': 16.666667011111098, 'top': 525.4576273059322, 'right': 41.333333677777766, 'bottom': 514.220339170339, 'coord_origin': 'BOTTOMLEFT'}",layout
808dde69-3f36-58e5-b221-6e58ad7098b9,fab1d4b4-843a-54a1-b5e9-771b22967cd7,2,"A 8,6°",a_86,1,"{'page_number': 2, 'left': 16.666666637373737, 'top': 524.7966101855162, 'right': 41.3333333040404, 'bottom': 514.2203389990755, 'coord_origin': 'BOTTOMLEFT'}",layout
f40afe6c-53e3-53c9-8f33-17b6eadaa957,fab1d4b4-843a-54a1-b5e9-771b22967cd7,2,"A 27,4",a_274,1,"{'page_number': 2, 'left': 17.31979259131636, 'top': 524.8268879599664, 'right': 41.346874398770794, 'bottom': 514.1900610406694, 'coord_origin': 'BOTTOMLEFT'}",layout
7a2d6ead-1f47-5234-a5bb-3bfdfb86e6c6,fab1d4b4-843a-54a1-b5e9-771b22967cd7,2,· SESI,sesi,1,"{'page_number': 2, 'left': 3.8143563505972186e-07, 'top': 530.0000000333333, 'right': 61.02970335173267, 'bottom': 510.0000000333333, 'coord_origin': 'BOTTOMLEFT'}",layout
a18005ba-5774-526b-836e-0518905ea7dc,fab1d4b4-843a-54a1-b5e9-771b22967cd7,2,° CBIC,cbic,1,"{'page_number': 2, 'left': -1.4444444692192823e-07, 'top': 529.4237287033899, 'right': 67.33333318888889, 'bottom': 509.59322022881355, 'coord_origin': 'BOTTOMLEFT'}",layout
943bda7c-0ad6-5ff6-a8e2-f286799a3e5d,fab1d4b4-843a-54a1-b5e9-771b22967cd7,2,Unidades residenciais lançadas por região 4º Trimestre | 4T 2025,unidades_residenciais_lancadas_por_regiao_4_trimestre_4t_2025,1,"{'page_number': 2, 'left': 82.23502175143854, 'top': 519.17399948016, 'right': 503.4058350638437, 'bottom': 480.080684595, 'coord_origin': 'BOTTOMLEFT'}",layout
441b43d5-5f49-55de-9726-010fcdd482cf,fab1d4b4-843a-54a1-b5e9-771b22967cd7,2,Comparativo Unidades Lançadas por Região 4T 2024 x 4T 2025,comparativo_unidades_lancadas_por_regiao_4t_2024_x_4t_2025,1,"{'page_number': 2, 'left': 100.89999743999999, 'top': 457.4199375912, 'right': 437.04912285608526, 'bottom': 445.13780066256, 'coord_origin': 'BOTTOMLEFT'}",layout
7794cf5a-d094-50bd-928b-07ba3c252b7d,fab1d4b4-843a-54a1-b5e9-771b22967cd7,2,Comparativo Unidades Lançadas por Região 4T 2025 (Acumulado 12 meses),comparativo_unidades_lancadas_por_regiao_4t_2025_acumulado_12_meses,1,"{'page_number': 2, 'left': 105.78999744, 'top': 233.01996687119998, 'right': 506.3450658348694, 'bottom': 220.73782994256004, 'coord_origin': 'BOTTOMLEFT'}",layout
2efd79d5-2c28-53be-9659-eac370f78ff9,fab1d4b4-843a-54a1-b5e9-771b22967cd7,2,Comparativo Unidades Lançadas por Região 3T 2025 x 4T 2025,comparativo_unidades_lancadas_por_regiao_3t_2025_x_4t_2025,1,"{'page_number': 2, 'left': 563.73996096, 'top': 457.1999473512, 'right': 893.8800839002439, 'bottom': 444.91781042256, 'coord_origin': 'BOTTOMLEFT'}",layout
